id,reference,hypothesis
CUSTOM_0001,ClaudeにプルリクエストのレビューをAIで依頼しました,
CUSTOM_0002,GeminiでコードのデバッグをしてもらいKPIが改善しました,
CUSTOM_0003,ChatGPT APIを使ってプロンプトエンジニアリングを実装しています,
CUSTOM_0004,LLMのファインチューニングにはGPUクラスターが必要です,
CUSTOM_0005,OpenAIのAPIキーをGitHubにコミットしないよう注意してください,
CUSTOM_0006,プルリクエストにLGTMのコメントを追加しました,
CUSTOM_0007,GitHub ActionsでCIパイプラインを構築しています,
CUSTOM_0008,Dockerコンテナをデプロイしてマイクロサービスを起動しました,
CUSTOM_0009,KubernetesクラスターのPodがクラッシュループに入っています,
CUSTOM_0010,リポジトリをフォークしてフィーチャーブランチを切りました,
CUSTOM_0011,KPIの進捗をNotionでトラッキングしています,
CUSTOM_0012,スプリントレビューでベロシティが低下していることが判明しました,
CUSTOM_0013,ロードマップのマイルストーンを無事達成しました,
CUSTOM_0014,ステークホルダーへのプレゼンでROIを説明しました,
CUSTOM_0015,アジャイル開発でスクラムマスターがファシリテートしています,
CUSTOM_0016,SlackのチャンネルにGitHubのWebhookを連携しました,
CUSTOM_0017,Jiraのバックログをスプリントボードにアサインしてください,
CUSTOM_0018,ConfluenceにAPIの仕様書をドキュメントとして追加しました,
CUSTOM_0019,FigmaのデザインをReactコンポーネントに実装しました,
CUSTOM_0020,TypeScriptの型定義をエクスポートして共有してください,
CUSTOM_0021,RustでWebAssemblyモジュールをコンパイルしました,
CUSTOM_0022,GraphQL APIのスキーマを定義してリゾルバを実装しています,
CUSTOM_0023,RedisキャッシュのTTLを設定してレスポンスを最適化しました,
CUSTOM_0024,PostgreSQLのインデックスを追加してクエリが高速化されました,
CUSTOM_0025,TerraformでAWSのインフラをコードとして管理しています,
CUSTOM_0026,Anthropicの最新モデルはClaudeオーパスです,
CUSTOM_0027,GoogleのGeminiウルトラはマルチモーダルに対応しています,
CUSTOM_0028,MicrosoftのCopilotはAzureOpenAIと連携しています,
CUSTOM_0029,MetaのLlamaはオープンソースの大規模言語モデルです,
CUSTOM_0030,HuggingFaceでモデルをダウンロードしてローカルで推論します,
CUSTOM_0031,RAGアーキテクチャでベクターデータベースに埋め込みを保存しています,
CUSTOM_0032,エージェントがツールコールを使って外部APIを呼び出しています,
CUSTOM_0033,プロンプトインジェクションへの対策をシステムプロンプトに追加しました,
CUSTOM_0034,コンテキストウィンドウが長いモデルほど長文を処理できます,
CUSTOM_0035,ストリーミングレスポンスでUXが大幅に改善されました,
CUSTOM_0036,マルチエージェントシステムでタスクを並列処理しています,
CUSTOM_0037,エンベディングモデルでセマンティック検索を実装しました,
CUSTOM_0038,LoRAによる効率的なファインチューニングを試しています,
CUSTOM_0039,量子化によりモデルをApple Siliconで高速推論できます,
CUSTOM_0040,WhisperKitはオンデバイスで音声認識を実行します,
CUSTOM_0041,オンボーディングフローをリファクタリングしてコンバージョンが上がりました,
CUSTOM_0042,A/Bテストの結果をアナリティクスダッシュボードで確認しています,
CUSTOM_0043,チャーンレートを下げるためにリテンション施策を実施しました,
CUSTOM_0044,MRRとARRの推移をグラフで可視化してレポートしました,
CUSTOM_0045,カスタマーサクセスチームがオンボーディングをサポートしています,
CUSTOM_0046,プロダクトマーケットフィットを達成するためにピボットしました,
CUSTOM_0047,ユーザーインタビューのインサイトをプロダクトバックログに反映しました,
CUSTOM_0048,ネットプロモータースコアが先月比で10ポイント改善しました,
CUSTOM_0049,SaaSのサブスクリプションモデルでMRRが安定しています,
CUSTOM_0050,デイリーアクティブユーザー数が先週比で20パーセント増加しました,
